{"cameraMode":{"drawMode":0,"name":"Shaded","section":"Shading Mode"},"sceneLighting":true,"audioPlay":false,"sceneViewState":{"showFog":true,"showMaterialUpdate":false,"showSkybox":true,"showFlares":true,"showImageEffects":true,"showParticleSystems":true},"in2DMode":false,"pivot":{"x":-4.9739251136779789,"y":4.663170337677002,"z":-3.114108085632324},"rotation":{"x":-0.011100632138550282,"y":0.2236904352903366,"z":0.00007994200132088736,"w":-0.9751542806625366},"size":10.616585731506348,"orthographic":false}