{"cameraMode":{"drawMode":0,"name":"Shaded","section":"Shading Mode"},"sceneLighting":true,"audioPlay":false,"sceneViewState":{"showFog":true,"showMaterialUpdate":false,"showSkybox":true,"showFlares":true,"showImageEffects":true,"showParticleSystems":true},"in2DMode":false,"pivot":{"x":9.949033737182618,"y":2.37174916267395,"z":6.353761672973633},"rotation":{"x":-0.04400746896862984,"y":-0.8119970560073853,"z":0.061747610569000247,"w":-0.578716516494751},"size":5.162856101989746,"orthographic":false}