{"cameraMode":{"drawMode":1,"name":"Wireframe","section":"Shading Mode"},"sceneLighting":true,"audioPlay":false,"sceneViewState":{"showFog":true,"showMaterialUpdate":false,"showSkybox":true,"showFlares":true,"showImageEffects":true,"showParticleSystems":true},"in2DMode":false,"pivot":{"x":41.094459533691409,"y":14.415822982788086,"z":-34.77687454223633},"rotation":{"x":-0.22183480858802796,"y":0.37987902760505679,"z":-0.09059775620698929,"w":-0.8941888213157654},"size":3.283458709716797,"orthographic":false}