{"cameraMode":{"drawMode":0,"name":"Shaded","section":"Shading Mode"},"sceneLighting":true,"audioPlay":false,"sceneViewState":{"showFog":true,"showMaterialUpdate":false,"showSkybox":true,"showFlares":true,"showImageEffects":true,"showParticleSystems":true},"in2DMode":false,"pivot":{"x":3.3566994667053224,"y":-8.575448989868164,"z":-19.875932693481447},"rotation":{"x":-0.21752476692199708,"y":-0.6750555634498596,"z":0.2190343141555786,"w":-0.6701347827911377},"size":10.449999809265137,"orthographic":false}