{"cameraMode":{"drawMode":0,"name":"Shaded","section":"Shading Mode"},"sceneLighting":true,"audioPlay":false,"sceneViewState":{"showFog":true,"showMaterialUpdate":false,"showSkybox":true,"showFlares":true,"showImageEffects":true,"showParticleSystems":true},"in2DMode":false,"pivot":{"x":20.125980377197267,"y":579.6613159179688,"z":48.04598617553711},"rotation":{"x":-0.0736246407032013,"y":0.05677871033549309,"z":-0.004200495779514313,"w":-0.9956909418106079},"size":233.34524536132813,"orthographic":false}