{"cameraMode":{"drawMode":0,"name":"Shaded","section":"Shading Mode"},"sceneLighting":false,"audioPlay":false,"sceneViewState":{"showFog":true,"showMaterialUpdate":false,"showSkybox":true,"showFlares":true,"showImageEffects":true,"showParticleSystems":true},"in2DMode":false,"pivot":{"x":29.16922950744629,"y":-247.6960906982422,"z":613.85107421875},"rotation":{"x":-0.19783775508403779,"y":0.07926635444164276,"z":-0.01605798304080963,"w":-0.976923942565918},"size":934.51220703125,"orthographic":false}