{"cameraMode":{"drawMode":0,"name":"Shaded","section":"Shading Mode"},"sceneLighting":false,"audioPlay":false,"sceneViewState":{"showFog":true,"showMaterialUpdate":false,"showSkybox":true,"showFlares":true,"showImageEffects":true,"showParticleSystems":true},"in2DMode":false,"pivot":{"x":0.18638360500335694,"y":1.6137073040008546,"z":2.5028562545776369},"rotation":{"x":-0.10353948175907135,"y":0.46281373500823977,"z":-0.054575420916080478,"w":-0.8787128329277039},"size":0.5715766549110413,"orthographic":false}