{"cameraMode":{"drawMode":0,"name":"Shaded","section":"Shading Mode"},"sceneLighting":false,"audioPlay":false,"sceneViewState":{"showFog":true,"showMaterialUpdate":false,"showSkybox":true,"showFlares":true,"showImageEffects":true,"showParticleSystems":true},"in2DMode":false,"pivot":{"x":8.835245132446289,"y":1.992741346359253,"z":7.190798759460449},"rotation":{"x":0.5049073100090027,"y":-0.0813233032822609,"z":0.04785629361867905,"w":0.8580006957054138},"size":3.4072773456573488,"orthographic":true}