{"cameraMode":{"drawMode":0,"name":"Shaded","section":"Shading Mode"},"sceneLighting":true,"audioPlay":false,"sceneViewState":{"showFog":true,"showMaterialUpdate":false,"showSkybox":true,"showFlares":true,"showImageEffects":true,"showParticleSystems":true},"in2DMode":false,"pivot":{"x":-0.9998969435691834,"y":1.3913332223892213,"z":3.5481176376342775},"rotation":{"x":-0.03158086538314819,"y":-0.8772279024124146,"z":0.05825269967317581,"w":-0.475546270608902},"size":3.2834582328796388,"orthographic":false}