{"cameraMode":{"drawMode":0,"name":"Shaded","section":"Shading Mode"},"sceneLighting":true,"audioPlay":false,"sceneViewState":{"showFog":true,"showMaterialUpdate":false,"showSkybox":true,"showFlares":true,"showImageEffects":true,"showParticleSystems":true},"in2DMode":false,"pivot":{"x":246.1215057373047,"y":552.2758178710938,"z":-77.61422729492188},"rotation":{"x":-0.11403246968984604,"y":-0.5146835446357727,"z":0.06925337761640549,"w":-0.8469743728637695},"size":233.34524536132813,"orthographic":false}