{"cameraMode":{"drawMode":0,"name":"Shaded","section":"Shading Mode"},"sceneLighting":false,"audioPlay":false,"sceneViewState":{"showFog":true,"showMaterialUpdate":false,"showSkybox":true,"showFlares":true,"showImageEffects":true,"showParticleSystems":true},"in2DMode":false,"pivot":{"x":-4.616889953613281,"y":4.037506103515625,"z":80.6615219116211},"rotation":{"x":0.009891115128993988,"y":-0.022725410759449006,"z":0.0005703514325432479,"w":0.9998434782028198},"size":94.78528594970703,"orthographic":false}