{"cameraMode":{"drawMode":0,"name":"Shaded","section":"Shading Mode"},"sceneLighting":false,"audioPlay":false,"sceneViewState":{"showFog":true,"showMaterialUpdate":false,"showSkybox":true,"showFlares":true,"showImageEffects":true,"showParticleSystems":true},"in2DMode":false,"pivot":{"x":-0.39441072940826418,"y":0.20072844624519349,"z":0.15472912788391114},"rotation":{"x":0.037089165300130847,"y":0.5215926766395569,"z":0.02270352467894554,"w":-0.852085292339325},"size":0.274625688791275,"orthographic":false}