{"cameraMode":{"drawMode":0,"name":"Shaded","section":"Shading Mode"},"sceneLighting":true,"audioPlay":false,"sceneViewState":{"showFog":true,"showMaterialUpdate":true,"showSkybox":true,"showFlares":true,"showImageEffects":true,"showParticleSystems":true},"in2DMode":false,"pivot":{"x":3.5252437591552736,"y":1.419871211051941,"z":8.700610160827637},"rotation":{"x":0.035505857318639758,"y":0.49053382873535159,"z":-0.01947532594203949,"w":0.8706170320510864},"size":7.42500114440918,"orthographic":false}