{"cameraMode":{"drawMode":0,"name":"Shaded","section":"Shading Mode"},"sceneLighting":true,"audioPlay":false,"sceneViewState":{"showFog":true,"showMaterialUpdate":false,"showSkybox":true,"showFlares":true,"showImageEffects":true,"showParticleSystems":true},"in2DMode":false,"pivot":{"x":-3.2202389240264894,"y":1.592972993850708,"z":3.5762526988983156},"rotation":{"x":-0.22892290353775025,"y":-0.11040585488080979,"z":0.026141859591007234,"w":-0.9668086767196655},"size":0.5093944668769836,"orthographic":false}