{"cameraMode":{"drawMode":0,"name":"Shaded","section":"Shading Mode"},"sceneLighting":false,"audioPlay":false,"sceneViewState":{"showFog":true,"showMaterialUpdate":false,"showSkybox":true,"showFlares":true,"showImageEffects":true,"showParticleSystems":true},"in2DMode":false,"pivot":{"x":2.3868350982666017,"y":0.45441198348999026,"z":0.9182033538818359},"rotation":{"x":-0.011560775339603424,"y":0.7663257122039795,"z":-0.013795423321425915,"w":-0.642200231552124},"size":0.274625688791275,"orthographic":false}